COGID	Amharic	Argobba	Chaha	Endegagn	Ezha	Geez	Gumer	Gura	Gyeto	Harari	Inor	Kistane	Mesqan	Muher	Silte	Tigre	Tigrigna	Wolane	Zway
61-1	d ə m																		
63-1	ʔ a tʼ ɨ m																		
107-1	g a m ə l a																		
112-1	d a b ə n a																		
331-1	n ɨ g u s																		
377-1	b ə kʼ ə ə ə																		
381-1	ʔ a t																		
417-1	r u j																		
451-1	s ə b a																		
454-1	ʔ a tʃʼ ə r																		
484-1	s ɨ ʔ ɨ s t																		
535-1	ʔ a s ɨ r																		
543-1	s ə s t																		
593-1	ʔ a m u s																		
640-1	m a a																		
1-1	d ə bː ə r ə																		
65-1	tʼ u b																		
212-1	ʔ ə n																		
244-1	ʔ a r b ə																		
248-1	m u lː a																		
293-1	f ə r ə j																		
373-1	kʼ ɨ m a l																		
408-1	b ə r a																		
414-1	d ə b a kʼ a																		
601-1	ʔ ə r ə																		
642-1	n ɨ f a s																		
60-1	n ə f ə s ə																		
115-1	ʔ ə r a																		
209-1	s ə mː ə t																		
242-1	ʔ a mː ɨ s t																		
415-1	j ɨ n a b																		
450-1	j ə r																		
490-1	tʼ ə bː ə ə																		
638-1	s ɨ r ə																		
645-1	kʼ a l																		
160-1	tʼ ə r ə kʼ																		
208-1	ʔ ɨ n kʼ w ə ə																		
214-1	ʔ a b ə																		
378-1	ʔ a n g ə t																		
379-1	f ə s ə																		
409-1	s ə t ə r ə																		
598-1	ʔ ə t																		
646-1	ʔ a ə																		
210-1	j ə h w ə ə ə																		
215-1	ʔ a s ə b ə																		
285-1	m ɨ tʼ a d																		
332-1	ʔ ə g ɨ r																		
380-1	ʔ ə h ə a																		
412-1	s a h ə n																		
64-1	d a bː ə																		
67-1	w ɨ r																		
251-1	f ə kʼ ə																		
294-1	m ə kʼ kʼ																		
597-1	ʔ ə ə ə ə																		
7-1	ʔ a l g a																		
158-1	kʼ ə m ə s																		
372-1	kʼ ə n f ə r																		
374-1	b ə s ə lː ə																		
375-1	s ə b																		
411-1	t ə r a s																		
541-1	kʼ ə tʃʼ ɨ n																		
6-1	m ə l kʼ a m a																		
113-1	b u n a																		
330-1	kʼ ə lː d																		
448-1	kʼ ə d a n s ə n b ə																		
449-1	ʔ a j ə																		
491-1	d ɨ n g ə t																		
596-1	n ə g ə																		
4-1	g ə j ə																		
8-1	kʼ ə b ə t ə																		
106-1	m ə s a																		
290-1	ʔ a g ə j ə																		
489-1	b ə r tʃʼ tʃʼ a a																		
602-1	m ɨ n																		
2-1	ʔ u lː ə																		
3-1	h ɨ n ə																		
213-1	ʔ a r a s																		
486-1	n ə s ə kʼ ə																		
647-1	t ə t a																		
10-1	tʼ ɨ kʼ u r																		
110-1	d a ʔ a																		
152-1	ʔ a zː ə																		
211-1	m ɨ s ə t																		
328-1	s ə ə ə b ə																		
333-1	m ɨ s ɨ r																		
334-1	ʔ a n b ə s a																		
410-1	kʼ a r ə																		
540-1	lː ə b a																		
109-1	g u n tʃʼ ə																		
61-2		d ə m																	
63-2		ʔ a tʼ ɨ m																	
107-2		g ə m ə l a																	
112-2		d ə b ə n a																	
331-2		n ɨ g ə s																	
377-2		b ə kʼ t ə																	
381-2		ʔ a d																	
417-2		r u j																	
451-2		s ə b ə																	
454-2		ʔ a tʃ ɨ r																	
484-2		s ɨ ə ɨ s t																	
535-2		ʔ a s ɨ r																	
543-2		s ə s																	
593-2		x a m u s																	
640-2		m ə ə																	
1-2		d ə b ə r ə																	
65-2		tʼ u b																	
163-2		s ə tʃ ə																	
212-2		ʔ ə n																	
244-2		ʔ a r b ə																	
248-2		m u l a																	
293-2		f ə r ə s																	
373-2		kʼ ɨ m a l																	
408-2		b ə r ə																	
414-2		d ə b a kʼ a																	
642-2		n ɨ f a s																	
60-2		n ə f ə s ə																	
115-2		l ə r																	
209-2		s ɨ m ɨ																	
242-2		ʔ a m ɨ s t																	
415-2		j ɨ n a b																	
450-2		j ə r																	
490-2		tʼ ə b ə																	
645-2		kʼ a l																	
160-2		d ə r ə kʼ																	
208-2		ʔ ɨ n kʼ ə																	
378-2		ʔ a n dʒː ə t																	
379-2		f ə tʼ ə																	
409-2		ə ə t ə r ə																	
598-2		h ə ə																	
646-2		ʔ a h ə																	
210-2		h ə h ə ə ə																	
215-2		ʔ a s ə b ə																	
285-2		m ɨ tʼ a d																	
380-2		ʔ ə h ə a																	
412-2		s ə h ə n																	
496-2		t ə r b ə n b ə																	
64-2		d a b ə																	
251-2		f ə kʼ																	
294-2		m ə kʼ																	
597-2		ʔ ə ə ə ə ə																	
7-2		ʔ a l dʒː a																	
158-2		kʼ ə m ə s																	
296-2		ə ə h ə																	
375-2		s ə b																	
541-2		kʼ ə tʃ ɨ n																	
113-2		b u n ə																	
252-2		r ə ə b ə																	
330-2		kʼ ə l d																	
449-2		ʔ a f ə																	
491-2		d ɨ n g ə t																	
545-2		h ɨ n ə																	
596-2		n ə dʒː ə																	
4-2		dʒː ɨ ə f ə																	
106-2		m ə s a																	
254-2		dʒː ɨ m ə t																	
290-2		ʔ a g ə j ə																	
602-2		m ɨ n																	
2-2		k u l ɨ																	
3-2		h ɨ n ə																	
213-2		ʔ a r ə s																	
486-2		n ə tʼ ə kʼ ə																	
10-2		tʼ ɨ kʼ u r																	
152-2		ʔ a d ə																	
211-2		m ɨ s ə t																	
328-2		s ə d ə b ə																	
333-2		m ɨ s ɨ r																	
334-2		ʔ a n b ə s a																	
540-2		l ə b a																	
109-2		g u n tʃ ə																	
61-3			d ə m																
63-3			ʔ a tʃʼ ɨ m																
107-3			g a m ə r a																
112-3			d a m ə r a																
331-3			n ɨ g w s																
377-3			b ə kʼ ə ə ə																
381-3			ʔ a t																
417-3			r u z																
451-3			s ə w a t																
454-3			ʔ a tʃʼ ɨ r																
484-3			s ɨ ə ɨ s t																
535-3			ʔ a s ɨ r																
543-3			s ə s t																
593-3			ʔ a m u s																
640-3			m a n																
1-3			d ə p ə r ə m																
65-3			ʒ u w																
163-3			s ə tʃʼ ə																
212-3			ʔ ə n																
244-3			ʔ a r b ə t																
248-3			m u r a																
293-3			tʃ ə r ə z																
373-3			kʼ ɨ m a r																
408-3			b ə r a																
414-3			d ə b a kʼ l a																
601-3			ʔ ə r ə																
642-3			n ə tʃ a s																
60-3			n ə ʒ ə s ə																
115-3			ʔ ə r a m																
209-3			s ə m u t																
242-3			ʔ a m ɨ s t																
415-3			z ɨ r a m																
450-3			z ə r																
490-3			g ə p w ə																
638-3			s ɨ r ə																
645-3			kʼ a r																
75-3			ʔ a m b ɨ r																
160-3			g ə r ə kʼ																
208-3			ʔ a n kʼ w ə ə																
214-3			ʔ a b ə																
218-3			ʔ ɨ n z ə r																
378-3			ʔ a n g ə t																
379-3			ʒ ə tʃʼ ə																
409-3			g ə t ə r ə																
497-3			t ə n																
598-3			h w ə t																
646-3			ʔ a h ə																
164-3			b ə ə																
210-3			ʒ ə h w ə r ə																
215-3			ʔ a g ə b ə t																
256-3			t u m a																
285-3			m ɨ e a d																
332-3			ʔ ə g ɨ r																
380-3			ʔ ə h w a																
412-3			s a h ə n																
496-3			w ə r s ə n ə t																
64-3			d a p ə																
67-3			w ɨ r																
169-3			n ə m ə z ə m																
251-3			ʒ ə kʼ ə																
461-3			tʃʼ ə																
547-3			w ə z a t																
597-3			ʔ ə m ə n ə																
655-3			m ɨ ʃ t																
7-3			ʔ a l g a																
158-3			kʼ ə m ə s																
168-3			ʔ ə m a r																
296-3			ʔ ə h u t																
372-3			k ə n ʒ ə r																
374-3			b ə s ə l ə																
375-3			s ə b																
385-3			w ɨ tʃʼ ə t																
411-3			t ə r a s																
500-3			ʔ ɨ m ə r																
6-3			m ə r k a m a																
17-3			ʔ ə h ɨ r																
123-3			ʃ ə m ə m																
252-3			r ə k ə b ə																
421-3			b ɨ ə ə																
448-3			kʼ ə g a n s ə n b ə t																
449-3			ʔ a ʒ ə																
545-3			h ɨ n ə																
596-3			n ə g ə																
653-3			b ə t ə t																
4-3			g ɨ n ʒ ə																
254-3			ə ɨ m a t																
290-3			ʔ a g ə z ə m																
339-3			b ə kʼ ə r																
460-3			h ə t t																
489-3			b ə r tʃʼ tʃʼ m a																
552-3			z ɨ																
652-3			ʔ ə t ə t																
119-3			ʔ a n g a tʃ a																
298-3			h u t																
340-3			g w ə tʃ ə																
458-3			t ə n g ə n ə																
459-3			ʔ a s ə																
607-3			ʔ ə k w a																
609-3			ʔ ɨ h a																
647-3			t ə t a																
10-3			tʃʼ ɨ kʼ u r																
15-3			ʔ ɨ n ɨ m																
18-3			n ɨ kʼ ə ə																
73-3			tʃ ə k w ə r ə																
76-3			m w ə s a																
110-3			t a t ə																
121-3			t ɨ k ə																
167-3			g ɨ ə																
255-3			kʼ w ə tʃ tʃ ə																
297-3			g u n ə r																
299-3			g u n ə r																
338-3			m ə m ɨ r																
342-3			m e n a																
344-3			kʼ ə s ə m																
410-3			kʼ a r ə a																
540-3			l ə b a																
550-3			g ə n g ɨ r																
61-4				d ə m															
63-4				ʔ a g ɨ m															
107-4				g a m ə n a															
112-4				d a b ə n a															
331-4				n ɨ g w															
377-4				b ə kʼ n ə ə															
381-4				ʔ a t															
417-4				s u															
451-4				ə b a t															
454-4				ʔ a j ɨ s															
484-4				ɨ ə ɨ t															
535-4				ʔ a ɨ s															
543-4				ə t															
593-4				ʔ a m ə															
640-4				m ə ə															
1-4				d ə b ə s ə															
65-4				g ɨ															
163-4				ə j ə															
408-4				b ə s a															
414-4				d ə b a kʼ a															
601-4				ʔ ə s ə															
642-4				n ɨ n a															
60-4				n ə n ə ə															
115-4				ʔ ə s a															
450-4				ə s															
490-4				g ə b ə ə															
638-4				ɨ n ə															
645-4				kʼ a n															
75-4				ʔ a m b ɨ r															
160-4				d ə s ə kʼ															
378-4				ʔ a n g ə t															
379-4				g ə g ə															
409-4				g ə t ə s ə															
497-4				t ə n															
598-4				h w t															
646-4				ʔ a h ə															
164-4				b ə ə															
332-4				ʔ ə g ɨ s															
380-4				ʔ ə h w a															
412-4				a h ə n															
64-4				d a b ə															
67-4				w ɨ s															
169-4				n ə s ə ə ə															
461-4				g a															
547-4				w ɨ a a t															
597-4				ʔ ə ə n ə ə															
655-4				m ɨ ə t															
158-4				kʼ ə m															
168-4				ʔ ɨ m a s															
372-4				ə n n ə s															
374-4				b ə kʼ ə n ə															
375-4				ə b															
385-4				w ɨ g ə t															
411-4				t ə s a															
500-4				ʔ ɨ m ɨ s															
541-4				kʼ ə j ɨ n															
6-4				m ə n a m a															
17-4				ʔ ə h ɨ s															
330-4				kʼ ə n d															
421-4				b ɨ n ə															
449-4				ʔ a n ə															
545-4				h ɨ n ə															
596-4				n ə g ə															
653-4				b ə t ə t															
4-4				g ɨ n g ə															
8-4				kʼ ə b ə t ə															
106-4				ʔ ə a															
339-4				b ə kʼ ɨ n															
489-4				b ə s j j a a															
652-4				ʔ ə t ə															
119-4				ʔ a n g a e a															
340-4				g w ə n ə															
458-4				d ə n g ə e ə															
486-4				n ə g ə kʼ ə															
607-4				ʔ ə w a															
609-4				ʔ ɨ h a															
15-4				ʔ ɨ n ɨ															
18-4				n ɨ kʼ ə ə															
73-4				g ə w ə s															
76-4				m w ə a															
110-4				d a s a															
121-4				t ɨ ə															
167-4				g ɨ j ə															
334-4				ʔ a n b ə j a															
342-4				m ə n a															
344-4				kʼ ə ə m															
410-4				kʼ a s ɨ															
550-4				g ə n g ɨ r															
612-4				ʔ a s b															
61-5					ə m														
63-5					ʔ a g ɨ m														
107-5					g a m e s a														
112-5					a b ə r a														
331-5					nː ɨ g w sː														
377-5					b ə kʼ ə ə ə														
381-5					ʔ a t														
417-5					r u z														
451-5					sː ə b a t														
454-5					ʔ a tʃʼ ɨ r														
484-5					sː ɨ dː ɨ s t														
535-5					ʔ a sː ɨ r														
543-5					s ə s t														
593-5					ʔ a m u s														
640-5					m a a														
1-5					ə bː ə r ə														
65-5					g u														
163-5					sː ə tʃʼ ə														
212-5					ʔ e n														
244-5					ʔ a r b ə														
248-5					m u s a														
293-5					f ə r ə z														
373-5					kʼ ɨ m a s														
408-5					b ə r a														
414-5					ə b a kʼ l a														
601-5					ʔ ə r ə														
642-5					n ɨ f a s														
60-5					nː ə f ə s ə														
115-5					ʔ ə r a m														
209-5					sː ə m ə														
242-5					ʔ a m ɨ s t														
415-5					z ɨ r a b														
450-5					z ə r														
490-5					g ə bː ə														
638-5					s ɨ r ə														
645-5					kʼ a s														
75-5					ʔ a m b ɨ s														
160-5					t ə r ə kʼ														
208-5					ʔ ɨ n kʼ w ə ə a														
214-5					ʔ a b														
218-5					ʔ ɨ n z ə s														
378-5					ʔ a n g ə t														
379-5					f ə ʔ ə														
409-5					g ə t ə r ə														
497-5					t ə nː														
598-5					h w ə														
164-5					b ə k ə														
210-5					f ə h w ə ə ə														
215-5					ʔ a g e b ə t														
256-5					t u m a														
285-5					m ɨ ɨ a														
332-5					ʔ ə g ɨ r														
380-5					ʔ ə h w														
496-5					w ə r s ə n ə t														
64-5					a bː ə														
67-5					w ɨ r														
169-5					b ə r ə z ə m														
251-5					f e kʼ														
294-5					m ə kʼ														
461-5					ʔ ə														
547-5					w ɨ z a t														
597-5					ʔ ə m ə n ə														
655-5					m ɨ ə t														
7-5					ʔ a l g a														
168-5					ʔ ɨ m a r														
296-5					ʔ ə h u t														
372-5					k ə nː f ə r														
374-5					b ə k ə l ə														
375-5					sː ə b														
385-5					w ɨ g ə t														
411-5					t ə r a s														
500-5					ʔ ɨ m ə r														
6-5					m ə s k a m a														
17-5					ʔ ə h ɨ r														
113-5					b ə nː ə														
123-5					ʃ e m ə														
252-5					r ə k ə b ə														
421-5					b ɨ ə ə														
448-5					kʼ ə t a n s ə n b ə t														
449-5					ʔ a j ə														
545-5					h ɨ nː ə														
596-5					nː ə g ə														
653-5					b ə tː ə t														
4-5					g ə ə g ə														
8-5					kʼ ə b ə tː ə														
290-5					ʔ a g ə z ə														
339-5					b ə k ɨ s														
460-5					h ə t t														
489-5					b ə r tʃʼ u m a														
552-5					z ɨ														
602-5					m ɨ														
652-5					ʔ ə t ə														
3-5					h ɨ r ə														
119-5					ʔ a nː g a tʃ a														
298-5					h u t														
340-5					g w ə tʃ tʃ														
458-5					ə nː g ə n ə														
459-5					ʔ a sː ə														
486-5					nː ə g ə kʼ ə m														
607-5					ʔ ə k w a														
609-5					ʔ ɨ h a														
647-5					t ə t														
15-5					ʔ ɨ nː ɨ m														
18-5					nː ɨ kʼ ə ə														
73-5					tʃ ə k ə ə ə														
76-5					m w ə s a														
110-5					a t a														
121-5					t ɨ k ə														
152-5					ʔ a ə														
167-5					g ɨ e ə														
255-5					kʼ w ə n tʃ ə														
297-5					g u nː ə r														
299-5					g u nː ə r														
334-5					ʔ a b ə sː a														
338-5					m ə m ɨ r														
342-5					m e nː a														
344-5					kʼ ə s ə m														
410-5					kʼ a r ə a														
550-5					g ə n g ɨ r														
612-5					ʔ a r ə														
61-6						d ə m													
63-6						ʔ a tʼ ɨ m													
107-6						g a m ə l a													
112-6						d a b ə n a													
331-6						n ɨ g ə s													
377-6						b ə kʼ ə ə ə													
381-6						ʔ a d													
417-6						r ə z													
451-6						s ə b ə													
454-6						ʔ a s ə r													
484-6						s ɨ ʔ ɨ s t													
535-6						ʔ a s ɨ r													
543-6						s ə s													
593-6						ʔ a m ə s													
640-6						m ə n													
1-6						d ə bː ə r ə													
163-6						s ə s ə													
212-6						ʔ e n													
244-6						ʔ a r b ə													
248-6						m ə l ə													
293-6						f ə r ə ʔ													
373-6						kʼ ɨ m a l													
408-6						b ə r a													
601-6						ʔ ə r ə b													
642-6						n ɨ f a s													
60-6						n ə f ə s ə													
115-6						ʔ ə r a													
242-6						ʔ a m ɨ s t													
415-6						z ɨ n a b													
450-6						z ə r													
490-6						g ə bː ə													
638-6						s ɨ n ə													
645-6						kʼ a l													
75-6						ʔ a m b ə													
208-6						ʔ ɨ n kʼ ə ə ə													
214-6						ʔ a b ə													
218-6						ʔ ɨ n z ə													
409-6						g ə t ə r ə													
497-6						t ə n													
598-6						ħ ə													
646-6						ʔ a ħ ə													
215-6						ʔ a g ə b ə													
256-6						t ə mː a													
294-6						m ə													
655-6						m ɨ ə													
158-6						kʼ ə m ə s													
372-6						k ə n f ə r													
375-6						s ə b													
411-6						t ə r a s													
500-6						ʔ ɨ m ə r													
541-6						kʼ ə s ɨ n													
113-6						b ə n ə													
252-6						r ə ə b ə													
330-6						kʼ ə l d													
448-6						kʼ ə d a n s ə n b ə													
106-6						m ə s a													
290-6						ʔ a g ə z ə													
460-6						ħ ə ə ə													
552-6						ʔ ɨ													
602-6						m ɨ n													
2-6						j ə l ə m													
298-6						ħ ə t ə													
486-6						n ə g ə kʼ ə													
211-6						m ɨ s ə t													
333-6						m ɨ s ɨ r													
334-6						ʔ a n b ə s a													
612-6						ʔ a r b													
61-7							e ə m												
63-7							ʔ a tʼ ɨ m												
107-7							g a m e ə a												
112-7							e a ə r a												
331-7							n ɨ g w s												
377-7							ə ə kʼ ə ə ə												
381-7							ʔ a t												
417-7							r u z												
451-7							s ə ə a t												
454-7							ʔ a tʃʼ ɨ r												
484-7							s ɨ ə ɨ s t												
535-7							ʔ a s ɨ r												
543-7							s ə s t												
593-7							ʔ a m u s												
640-7							m a												
1-7							e a pː ə r ə												
65-7							tʼ u												
163-7							s ə tʃʼ ə												
212-7							ʔ e n												
244-7							ʔ a r ə ə t												
248-7							m u r a												
293-7							ʔ ə r ə z												
373-7							kʼ ɨ m a ə												
408-7							ə a r a												
414-7							e ə w a kʼ a												
601-7							ʔ ə r ə												
642-7							n ɨ ʔ a s												
60-7							n ə tʃ ə s ə												
115-7							ʔ a r a												
209-7							s ɨ m u t												
242-7							ʔ a m ɨ s t												
415-7							z ɨ r a												
450-7							z ə r												
490-7							g ə pː w ə												
638-7							s ɨ r e												
645-7							kʼ a r												
75-7							ʔ a m ə ɨ r												
160-7							e ə r ə kʼ												
208-7							ʔ a n kʼ w ə												
214-7							ʔ a ə												
218-7							ʔ ɨ z ɨ r												
378-7							ʔ a n g ə t												
379-7							ʒ ə g ə												
409-7							g a t ə r ə												
497-7							t ə n												
598-7							x w t												
646-7							ʔ a x ə												
164-7							ə ə k ə												
210-7							ʒ ə x w ə ə ə												
215-7							ʔ a g e ə ə t												
256-7							t u m a												
285-7							m ɨ e a e												
332-7							ʔ ə g ɨ r												
380-7							ʔ a x w a												
412-7							s a x a n												
496-7							s a r s ə n ə t												
64-7							e a pː a												
67-7							w ɨ r												
169-7							n ə m ə z ə m												
251-7							ʔ e kʼ ə												
294-7							m ə kʼ												
461-7							tʼ a												
547-7							w ɨ z a t												
597-7							ʔ e a n ə												
655-7							m ɨ ə t												
7-7							ʔ a r g a												
158-7							kʼ ə m s												
168-7							ʔ ɨ m a r												
296-7							ʔ ə x u t												
372-7							k ə n ʔ ə r												
374-7							ə ə s ə o n												
385-7							w ɨ tʼ ə t												
411-7							t ɨ r a s												
500-7							ʔ ɨ m ɨ r												
6-7							m ə r k a m a												
17-7							ʔ ə x ɨ r												
123-7							ə e m ə												
252-7							r ə k ə ə ə												
421-7							ə ɨ ə a												
448-7							kʼ ə tʼ a n s ə n ə ə t												
449-7							ʔ a ʒ ə												
491-7							e ɨ g ə t												
545-7							x ɨ n a												
596-7							n ə g ə												
653-7							ə ə tː ɨ t												
8-7							kʼ ə ə ə tː ə												
254-7							g ɨ m a t												
290-7							ʔ a g ə z ə												
460-7							x a t t												
489-7							ə w r tʃʼ tʃʼ m a a												
552-7							z ɨ												
652-7							ʔ a t ə t												
3-7							x ɨ n ə												
119-7							ʔ a n g a tʃ a												
298-7							x u t												
340-7							g w ə tʃ ə												
458-7							e ə n g ə n ə												
459-7							ʔ a s ə												
486-7							n ə g ə kʼ ə												
607-7							ʔ a k w a												
609-7							ʔ ɨ x a												
10-7							g ɨ kʼ u r												
15-7							ʔ ɨ n ɨ m												
18-7							n ɨ kʼ ə												
73-7							tʃ ə k w ə r ə												
76-7							m w ə s a												
110-7							e a ʔ a												
121-7							t ɨ k ə												
152-7							ʔ a ə												
167-7							g ɨ ʔ ə												
255-7							kʼ w ə tʃ tʃ ə												
297-7							g u n ə r												
299-7							g u n ə r												
338-7							ə m ɨ r												
342-7							m e n a												
344-7							kʼ ə s ə m												
410-7							kʼ a r e												
540-7							n e ə a												
550-7							g ə n g ɨ r												
61-8								d ə m											
63-8								ʔ a tʼ ɨ m											
107-8								g a m ə r a											
112-8								d a m ə r a											
331-8								n ɨ g w s											
377-8								b ə kʼ ə ə ə											
381-8								ʔ a t											
417-8								r u z											
451-8								s ə b a t											
454-8								ʔ a tʃʼ ɨ r											
484-8								s ɨ ə ɨ s t											
535-8								ʔ a s ɨ r											
543-8								s ə s t											
593-8								ʔ a m u s											
640-8								m a a											
1-8								d ə p ə r ə m											
65-8								tʼ u											
163-8								s ə tʃʼ ə											
212-8								ʔ ə n											
244-8								ʔ a r b ə t											
248-8								m u r a											
293-8								mː ə r ə z											
373-8								kʼ ɨ m a r											
408-8								b ə r a											
414-8								d ə b a kʼ l a											
601-8								ʔ ə r ə											
642-8								n ɨ h a s											
60-8								n ə ʒ ə s ə											
115-8								ʔ ə r a m											
209-8								s ə mː ə t											
242-8								ʔ a mː ɨ s t											
415-8								z ɨ r a m											
450-8								z ə r											
490-8								tʼ ə p ə ə											
638-8								s ɨ r ə											
645-8								kʼ a l											
75-8								ʔ a m b ɨ r											
160-8								tʼ ə r ə kʼ											
208-8								ʔ ɨ n kʼ w ə ə											
214-8								ʔ a b ə											
218-8								ʔ ɨ n z ɨ r											
378-8								ʔ a n g ə t											
379-8								ʒ ə tʼ ə											
409-8								g ə t ə r ə											
497-8								t ə n											
598-8								h w ə t											
646-8								ʔ a h ə											
164-8								b ə ə											
210-8								ʒ ə h ə ə r ə											
215-8								ʔ a tʼ ə b ə t											
256-8								t u mː a											
285-8								m ɨ e a d											
332-8								ʔ ə g ɨ r											
380-8								ʔ ə h w a											
412-8								s a h ə n											
496-8								w ə r s ə n ə t											
64-8								d a p ə											
67-8								w ɨ r											
169-8								n ə m ə z ə m											
251-8								ʒ ə kʼ ə											
294-8								m ə kʼ											
461-8								tʼ ə											
547-8								w ɨ z a t											
597-8								ʔ ə m ə n ə											
655-8								m ɨ s t											
7-8								ʔ a l g a											
158-8								kʼ ə m ɨ s											
168-8								ʔ ɨ m a r											
296-8								ʔ ə h u t											
374-8								b ə s ə l ə											
385-8								w ɨ tʼ ə t											
500-8								ʔ ɨ m ɨ r											
6-8								m ə r k a m a											
17-8								ʔ ə h ɨ r											
123-8								ʃ e m ə											
252-8								r ə k ə b ə											
421-8								b ɨ ə ə											
448-8								kʼ ə g a n s ə n b ə t											
449-8								ʔ a g ə											
545-8								h ɨ n ə											
596-8								n ə g ə											
653-8								b ə t ə t											
4-8								g ɨ r ʒ ə											
8-8								kʼ ə b ə t ə											
254-8								g ɨ m a t											
290-8								ʔ a g ə z ə											
339-8								b ə kʼ ɨ r											
460-8								h ɨ t t											
489-8								b ə r tʃʼ tʃʼ m a a											
552-8								z ɨ											
652-8								ʔ ə t ə											
3-8								h ɨ n ə											
119-8								ʔ a n g a tʃ a											
298-8								h u t											
340-8								g w ə tʃ tʃ											
458-8								t ə n g ə n ə											
459-8								ʔ a s ə											
607-8								ʔ ə k w a											
609-8								ʔ ɨ h a											
10-8								tʼ ɨ kʼ u r											
15-8								ʔ ɨ n ɨ m											
18-8								n ɨ kʼ ə											
73-8								tʃ ə k w ə r ə											
76-8								m w ə s a											
121-8								t ɨ k ə											
167-8								g ɨ ə											
255-8								kʼ w ə tʃ tʃ ə											
297-8								g u n ə r											
299-8								g u n ə r											
338-8								m ə m ɨ r											
342-8								m e n a											
344-8								kʼ ə s ə m											
410-8								kʼ a r e a											
540-8								l ə b a											
550-8								g ə n g ɨ r											
61-9									d ə m										
63-9									ʔ a tʼ										
107-9									g a m ə ə a										
112-9									d a b ə ə a										
331-9									n a g ə s										
377-9									b ə kʼ ə ə ə										
381-9									ʔ a t										
417-9									ə u z										
451-9									s ə ə a t										
454-9									ʔ a s ə ə										
484-9									s a ə s t										
535-9									ʔ a s ə ə										
543-9									s a s t										
593-9									ʔ a m u s										
640-9									m ə ə										
1-9									d ə p ə ə ə										
65-9									tʼ u										
163-9									s ə j ə										
212-9									ʔ ə n										
244-9									ʔ a ə b ə t										
248-9									m u ə a										
293-9									ʒ ə ə ə z										
373-9									kʼ ə m a ə										
408-9									b a ə a										
414-9									d ə b a kʼ a										
601-9									ʔ ə ə a ə										
642-9									n ə n a s										
60-9									n ə ʒ ə s ə										
209-9									s ə m ə										
242-9									ʔ a m s t										
415-9									z a ə a b										
490-9									tʼ ə p ə ə										
638-9									s ə n ə										
645-9									kʼ a ə										
75-9									ʔ a m ə ə										
160-9									d ə ə ə kʼ										
208-9									ʔ a n kʼ ə ə ə										
214-9									ʔ a b a										
218-9									ʔ a n z ə ə										
378-9									ʔ a n g ə t										
379-9									ʒ ə tʼ ə										
409-9									g a t ə ə ə										
497-9									t ə n										
598-9									j ə ə t										
646-9									ʔ a j ə										
164-9									b ə k ə										
210-9									ʒ ə ʔ ə ə ə										
215-9									ʔ a g ə a ə t										
256-9									t u m a										
285-9									m ə d a d										
332-9									ʔ ə g ə ə										
380-9									ʔ a ʔ ə a										
412-9									s a j a n										
496-9									w ə ə s ə n ə ə t										
64-9									d a p a										
67-9									w ə ə										
169-9									n ə m ə z ə ə										
251-9									ʒ ə kʼ ə										
294-9									m ə kʼ kʼ										
461-9									tʼ a										
547-9									w ə z a t										
597-9									ʔ ə ə ə ə ə										
655-9									m s t										
7-9									ʔ a ə g a										
168-9									ʔ ə m a ə										
296-9									ʔ ə j u t										
372-9									k ə n ʒ ə ə										
374-9									b ə s ə i ə										
375-9									s ə b										
385-9									w ə tʼ ə t										
411-9									t ə ə a s										
500-9									ʔ ə m ə ə										
541-9									kʼ ə tʃ a n										
6-9									m ə ə k a m a										
17-9									ʔ ə ʔ ə										
113-9									b ə n a										
123-9									s ə ə										
252-9									n ə k ə b ə										
421-9									b ə s ə										
448-9									kʼ ə d a n s ə n b ə t										
491-9									d ə n g ə t										
545-9									j ə n a										
596-9									n ə g ə										
653-9									b ə t ə t										
4-9									g ə ə ʒ ə										
8-9									kʼ ə b ə t a										
254-9									z ə a t										
339-9									b ə kʼ ə ə										
489-9									b ə ə s ə a										
552-9									z										
652-9									ʔ ə t ə										
119-9									ʔ a n g a tʃ a										
298-9									ə u t										
340-9									g ə ə tʃ ə										
458-9									d ə n g ə ɲ ə										
459-9									ʔ a s a										
486-9									n ə tʼ ə kʼ ə										
607-9									ʔ a k w a										
609-9									ʔ ə j a										
10-9									tʼ kʼ u ə										
15-9									ʔ ə n ə										
18-9									n kʼ ə										
73-9									tʃ ə k ə ə ə										
76-9									m w ə s a										
110-9									d a a a										
121-9									t ə k ə										
167-9									g ə j ə										
255-9									kʼ w ə tʃ tʃ ə										
297-9									g u n ə ə										
299-9									g u n ə ə										
338-9									ə m ə ə										
342-9									m ə n a										
344-9									kʼ ə s ə m										
550-9									g ə n z ə ə										
612-9									ʔ a ə b										
61-10										d ə m									
63-10										ʔ a tʼ a									
107-10										g ə m ə l									
112-10										d a b ə ə a									
331-10										t a g ə ʃ									
377-10										b ə kʼ ə ə									
381-10										ʔ a									
417-10										r ə z									
451-10										ʃ ə b ə									
454-10										ʔ a tʃʼ ə r									
484-10										ʃ a ə ʃ									
535-10										ʔ a m ə r									
543-10										s ə s									
593-10										ʔ a m ə ʃ									
640-10										m ə ə									
1-10										d ə l ə r ə									
65-10										tʼ ə b									
163-10										ʃ ə tʃʼ ə									
212-10										ʔ i t									
244-10										ʔ a r b ə									
248-10										m ə l ə									
293-10										f ə r ə z									
373-10										kʼ ə m a l									
408-10										b ə r ə									
414-10										d ə b a kʼ a									
601-10										ʔ ə r ə b									
115-10										ʔ ə r									
209-10										ʃ ə m ə									
242-10										ʔ a m a ʃ									
415-10										z a ə a b									
490-10										tʼ ə l ə									
160-10										ə ə r ə kʼ									
208-10										ʔ a t kʼ ə ə ə									
218-10										ʔ a ə									
378-10										ʔ a n g ə									
379-10										oː ə tʼ ə									
497-10										ə n									
598-10										ħ ə ə									
646-10										ʔ a ħ ə									
164-10										b ə ə									
210-10										f ə ħ ə ə ə									
256-10										a m a									
285-10										m a tʼ a d									
380-10										ʔ a ħ ə ə									
412-10										ʃ a ħ ə t									
64-10										d a l a									
169-10										b ə r ə z ə ə									
461-10										tʼ i									
547-10										w ə z a									
411-10										ə r ə ə									
541-10										kʼ ə tʃʼ a t									
113-10										b ə m									
123-10										s ə ə									
491-10										d a t g ə									
254-10										i ə m ə									
339-10										b ə kʼ ə l									
602-10										m a t									
2-10										j ə l ə									
213-10										ʔ a r aː s									
647-10										ə ə									
211-10										m a s i									
328-10										ʃ ə ə ə b ə									
333-10										m a s a r									
612-10										ʔ a r b									
109-10										g ə t tʃʼ ə									
61-11											ə ə m								
63-11											ʔ a g ɨ m								
107-11											g a m ə n a								
112-11											ə a b ə n a								
331-11											n ɨ g ʔ s								
377-11											b ə kʼ n ə ə								
381-11											ʔ a t								
417-11											r u z								
451-11											s ə b a t								
454-11											ʔ a ʔ ɨ r								
484-11											s ɨ ə ɨ s t								
535-11											ʔ a s ɨ r								
543-11											s ə s t								
593-11											m a m u s								
640-11											m a a								
1-11											ə ə p ə r ə								
65-11											g u w								
163-11											s ə dʒ ə								
212-11											ʔ ə n								
244-11											ʔ a r b ə								
248-11											m u n a								
293-11											n ə r ə z								
373-11											kʼ ɨ m a n								
408-11											b ə r a								
414-11											ə ə w a kʼ a								
601-11											m ə r ə								
642-11											n ə n a s								
60-11											n ə n ə s ə								
115-11											n ə r a								
209-11											s ə m ə t								
242-11											ʔ a m ɨ s t								
450-11											z ə r								
490-11											g ə p ə ə								
638-11											s ɨ n ə								
645-11											kʼ a n								
75-11											ʔ a m b ɨ r								
160-11											d ə r ə kʼ								
208-11											m a n kʼ ʔ ə ə								
214-11											m a b ə								
218-11											m ɨ n z ə r								
378-11											ʔ a n g ə t								
379-11											ʒ ə g ə								
409-11											g ə t ə r ə								
497-11											t ə n								
598-11											m w ə t								
646-11											ʔ a h ə								
164-11											b ə k ə								
210-11											ʒ ə h ə ə ə ə								
215-11											ʔ a g ə b ə								
256-11											t u m a								
285-11											m ɨ d a ə								
332-11											m ə g ɨ r								
412-11											s a h ə n								
496-11											w ə r s ə n ə t								
64-11											ə a p ə								
67-11											w ɨ r								
169-11											n ə z ə z ə m ə								
251-11											n ɨ kʼ								
294-11											m ə kʼ ə								
461-11											ʒ ə								
547-11											w ə z a t								
597-11											m ə m ə n ə ə								
655-11											m ɨ s t								
7-11											ʔ a l g a								
168-11											ʔ ə m a r								
296-11											m ə h u t								
372-11											k ə n n ə r								
374-11											b ə s ə n ə								
375-11											s ə b								
385-11											w ɨ g ə t								
500-11											ʔ ɨ m ə r								
541-11											kʼ ə e ɨ n								
6-11											m ə r k a m a								
17-11											ʔ ə h ɨ r								
252-11											n ə k ə b ə								
421-11											b ɨ s ə								
448-11											kʼ ə a n s ə n b ə								
449-11											m a n ə								
491-11											ə ɨ n g ə t								
545-11											h ɨ n ə								
596-11											n ə g ə								
653-11											b ə t ə d								
4-11											g ɨ ʒ ə								
106-11											m ə s a								
254-11											g ɨ m a t								
339-11											b ə kʼ ə r								
460-11											h ɨ								
489-11											b ə r r u a a								
652-11											ʔ ə t ə								
3-11											n ɨ n ə								
119-11											m a n g a tʃ a								
298-11											h u t								
340-11											g w ə tʃ dʒ								
458-11											ə ə n g ə ə ə								
486-11											n ə g ə kʼ ə								
607-11											m ə k w a								
609-11											ʔ ɨ h a								
15-11											ʔ ɨ n ɨ m								
18-11											n ɨ kʼ ə								
73-11											dʒ ə k ə r ə								
76-11											m w ə s a								
110-11											d a n a								
121-11											t ɨ k ə								
167-11											g ɨ e ə								
255-11											kʼ w ə n dʒ ə								
297-11											g u n ə r								
299-11											g u n ə r								
342-11											m e n a								
344-11											kʼ ə s ə m								
550-11											g ə n g ɨ r								
109-11											g ə n ʔ ə								
61-12												d ə m							
63-12												j a tʼ ɨ m							
107-12												g ə m ə l a							
112-12												d ə b ə n a							
331-12												n ɨ g ə s							
377-12												b ə kʼ ə ə ə							
381-12												ʔ a t							
417-12												r ə z							
451-12												s ə b ə							
454-12												ʔ a tʃʼ ɨ r							
484-12												s ɨ dː ɨ s t							
535-12												j a s ɨ r							
543-12												s ə s							
593-12												j a m ə s							
640-12												m ə ə							
1-12												d ə bː ə r ə m							
65-12												tʼ ə							
163-12												s ə tʃʼ ə							
212-12												j ə n							
244-12												j a r b ə							
248-12												m ə l ə							
293-12												f ə r ə z							
373-12												kʼ ɨ m a r							
408-12												b ə r ə							
414-12												d ə b a a							
601-12												ʔ ə r ə							
642-12												n ɨ f a s							
60-12												n ə f ə s ə							
115-12												j ə r a m							
209-12												s ə mː ə							
242-12												ʔ a mː ɨ s t							
415-12												z ɨ n a b							
450-12												z ə r							
490-12												tʼ ə bː ə ə							
638-12												s ɨ r ə							
645-12												kʼ a l							
75-12												ʔ a m b ɨ r							
160-12												d ə r ə kʼ							
208-12												j ɨ n kʼ w ə ə							
214-12												j a b							
218-12												j ɨ n z ə r							
378-12												ʔ a n g ə t							
379-12												f ə s ə							
497-12												t ə n							
598-12												k ə ə							
164-12												b ə ə							
210-12												g ə k w ə ə ə							
215-12												ʔ a s ə ə ə							
256-12												t ə mː ə							
285-12												m ɨ d a d							
332-12												ʔ ə g ɨ r							
380-12												ʔ ə k ə							
412-12												s a k ə n							
496-12												w ə r b ə n							
64-12												d a bː ə							
67-12												w ɨ r							
169-12												b ə r ə z ə m							
251-12												f ɨ kʼ							
294-12												m ə							
461-12												s ə							
547-12												w ə z a t							
597-12												ʔ ə m ə ə							
655-12												m ɨ s t							
7-12												ʔ a lː g a							
168-12												ʔ ɨ m a r							
296-12												j ə k ə t							
372-12												ə n f ə r							
374-12												b ə s o lː o							
385-12												w ɨ g ə t							
500-12												ʔ ɨ m ə r							
6-12												m ə r a m a							
113-12												b ə n ə							
123-12												ə ə m ə							
330-12												kʼ ə l d							
421-12												b ɨ sː ə							
448-12												kʼ ə d a n s ə ə							
449-12												ʔ a g ə							
491-12												d ɨ n g ə t							
545-12												k ɨ n ə							
596-12												n ə g ə							
653-12												b ə t ɨ t							
4-12												g ɨ ə							
8-12												kʼ ə b ə t o							
106-12												m ə s a							
460-12												k ə a							
552-12												z ɨ							
602-12												m ɨ n							
2-12												j ə lː ə							
3-12												k ɨ n ə							
119-12												ʔ a n g a dː a							
213-12												j a r ə s							
340-12												g w ə							
458-12												d ə n g ə ə							
607-12												ʔ ə w a							
609-12												ʔ ɨ k a							
647-12												t ə							
10-12												tʼ ɨ kʼ ə r							
110-12												d a ə							
152-12												ʔ a z o							
211-12												w ə sː ə tː							
255-12												kʼ w ə ə							
297-12												g ə n ə r							
299-12												g ə n ə r							
328-12												s ə dː ə b ə							
333-12												m ɨ s ɨ r							
334-12												ʔ a n b ə s a							
338-12												m ə m ɨ r							
410-12												kʼ a r ə							
540-12												l ə b a							
109-12												g ə n tʃʼ ə							
61-13													d ə m						
63-13													ʔ a g ɨ m						
107-13													g a m e n a						
112-13													d a m ə n a						
331-13													n ɨ g u s						
377-13													b ə kʼ u ə ə						
381-13													ʔ a t						
417-13													r u z						
451-13													s ə b a t						
454-13													ʔ a tʃʼ ɨ r						
484-13													s ɨ dː ɨ s t						
535-13													ʔ a s ɨ r						
543-13													s ə s t						
593-13													ʔ a m u s						
640-13													m ə n						
1-13													d ə bː ə r ə						
65-13													g u						
163-13													s ə tʃʼ ə						
212-13													ʔ e n						
244-13													ʔ a r ə ə						
248-13													m u n ə						
293-13													f ə r ə z						
373-13													kʼ ɨ m a n						
408-13													b ə r a						
414-13													d ə bː a kʼ u a						
601-13													ʔ ə r ə						
642-13													n ɨ f a s						
60-13													n ə f ə s ə						
115-13													ʔ ə n a						
209-13													s ə m u n						
242-13													ʔ a m ɨ s t						
415-13													z ɨ n a m						
450-13													z ə r						
490-13													g ə bː w ə						
638-13													s ɨ n e						
645-13													kʼ a n						
75-13													ʔ a m ə ɨ n						
160-13													d ə r ə kʼ						
208-13													ʔ ɨ n kʼ w ə ə						
214-13													ʔ a bː ə						
218-13													ʔ ɨ n z ə n						
378-13													ʔ a n g ə t						
379-13													f ə tʃʼ ə						
409-13													g ə t ə r ə						
497-13													t ə n						
598-13													ʔ w n t						
646-13													ʔ a h ə						
164-13													b ə k ə						
210-13													rː ə ʔ w n n ə						
215-13													ʔ a g e ə ə t						
256-13													t u m a						
285-13													m ɨ d a d						
332-13													ʔ ə g ɨ r						
380-13													ʔ ə ʔ u						
496-13													w ə r s ə n ə t						
67-13													w ɨ r						
169-13													n ə r ə z ə m						
251-13													f e kʼ						
294-13													m u kʼ kʼ						
461-13													g ə						
547-13													w ɨ z a t						
597-13													ʔ e m ə n ə						
655-13													m ɨ s t						
7-13													ʔ a n g a						
158-13													kʼ ə m s						
168-13													ʔ ɨ m a r						
296-13													ʔ ə h u t						
372-13													k ə n f ə r						
374-13													ə s ə bː ə						
385-13													w ɨ g ə t						
411-13													t ɨ r a s						
500-13													ʔ ɨ m ə r						
541-13													kʼ ə tʃʼ ɨ n						
6-13													m ə n k a m a						
17-13													ʔ ə ʔ ɨ r						
123-13													s e m ə						
252-13													n ə k ə ə ə						
330-13													kʼ ə rː d						
421-13													ɨ k ə						
448-13													kʼ ə d a n s ə n ə ə t						
449-13													ʔ a g ə						
491-13													d ɨ n g ə t						
545-13													ʔ ɨ n ə						
596-13													n ə g ə						
653-13													b ə tː ɨ t						
4-13													g ɨ n g ə						
8-13													kʼ ə b ə tː ə						
290-13													ʔ a g ə z ə						
460-13													ʔ ɨ a t						
489-13													w w r tʃʼ tʃʼ m a a						
552-13													z ɨ						
652-13													ʔ ə t ə t ə						
3-13													ʔ ɨ n ə						
119-13													ʔ a n g a tʃ a						
213-13													ʔ a r ə s						
298-13													h u t						
340-13													g w ə tʃ tʃ						
458-13													d ə n g ə ɲː ə						
459-13													ʔ a s ə						
607-13													ʔ ə k w a						
609-13													ʔ ɨ h a						
647-13													t ə t						
10-13													g ɨ kʼ u r						
15-13													ʔ ɨ ɲː ɨ m						
18-13													n ɨ kʼ ɨ ə ə						
73-13													tʃ ə k ə ə ə						
76-13													m w ə s a						
121-13													t ɨ k ə						
152-13													ʔ a z ə						
167-13													g ɨ ə						
255-13													kʼ w ə n tʃʼ ə						
297-13													g u n ə n						
299-13													g u n ə n						
328-13													s ə dː ə m ə						
334-13													ʔ a n b ə sː a						
338-13													m ə m ɨ n						
342-13													m e n a						
344-13													kʼ ə s ə m						
410-13													kʼ a r e						
540-13													n e w a						
550-13													g ə n g ɨ n						
612-13													ʔ a r ə						
61-14														d ə m					
63-14														ʔ a d ɨ m					
107-14														g a m ə l a					
112-14														d a b ə n a					
331-14														n ɨ g w s					
377-14														b ə kʼ ə ə ə					
381-14														ʔ a t					
417-14														r u z					
451-14														s ə b a t					
454-14														ʔ a sː ə r					
484-14														s ɨ dː ɨ s t					
535-14														ʔ a sː ɨ r					
543-14														s ə s t					
593-14														ʔ a m u s					
640-14														m a a					
1-14														d ə bː ə r ə					
65-14														d u					
163-14														s ə tʃ ə					
212-14														ʔ e n					
244-14														ʔ a r b ə					
248-14														m u l a					
293-14														f ə r ə z					
373-14														kʼ ə m a l					
408-14														b ə r a					
414-14														d ə bː a kʼ a					
601-14														ʔ ə r ə					
642-14														n ə f a s					
60-14														n ə f ə s ə					
115-14														ʔ ə r a					
209-14														s ə m ə t					
242-14														ʔ a m ɨ s t					
415-14														z ɨ n a b					
450-14														z ə r					
490-14														d ə bː w ə					
638-14														s ɨ n ə					
645-14														kʼ a l					
75-14														ʔ a m b ə r					
160-14														d ə r ə kʼ					
208-14														ʔ ə n kʼ w ə ə					
214-14														ʔ a bː					
218-14														ʔ ɨ n z ə r					
378-14														ʔ a n g ə t					
379-14														f ə g ə					
409-14														g ə t ə r ə					
497-14														t ə n					
598-14														h w n t					
646-14														ʔ a h ə					
164-14														b ə k ə					
210-14														f ə h w ə n ə					
215-14														ʔ a g ə b ə t					
256-14														t u m a					
285-14														m ɨ d a d					
332-14														ʔ ə g ɨ r					
380-14														ʔ ə h w a					
412-14														s a h ə n					
496-14														w ə r s ə n ə t					
64-14														d a bː ə					
169-14														b ə r ə z ə					
251-14														f e kʼ					
294-14														m ə kʼ					
461-14														ʔ ə					
547-14														w ə z a t					
597-14														ʔ ə m ə n ə					
655-14														m ɨ ə t					
7-14														ʔ a l g a					
158-14														kʼ ə m ə s					
168-14														ʔ ə m a r					
296-14														ʔ ə h u t					
372-14														k ə n f ə r					
374-14														b ə kʼ ə l ə					
385-14														w ɨ g ə t					
411-14														t ə r a s					
6-14														m ə n k a m a					
17-14														ʔ ə h ɨ r					
123-14														ə e m ə					
330-14														kʼ ə l d					
421-14														b ə sː ə					
448-14														kʼ ə d a n s ə n b ə t					
449-14														ʔ a n ə					
491-14														d ɨ n g ə t					
545-14														h ɨ n ə					
596-14														n ə g ə					
653-14														b ə t ə t					
4-14														g ə n n ə					
8-14														kʼ ə b ə tː ə					
339-14														b ə kʼ ə r					
460-14														h ə t t					
489-14														b ə r ə ə m a					
552-14														z ə					
602-14														m ɨ n					
652-14														ʔ ə t ə					
119-14														ʔ a n g a tʃ a					
340-14														g w ə tʃ tʃ					
458-14														d ə n g ə a ə					
459-14														ʔ a sː ə					
486-14														n ə g ə kʼ ə					
607-14														ʔ ə k w a					
609-14														ʔ ə h a					
647-14														t ə t a					
10-14														d ɨ kʼ u r					
15-14														ʔ ɨ n ə m					
18-14														n ɨ kʼ ə ə					
73-14														tʃ ə k w ə ə					
110-14														d a t ə					
121-14														t ɨ k ə					
152-14														ʔ a ə					
167-14														g ɨ ə					
255-14														kʼ w ə tʃ tʃ ə					
297-14														g u n ə r					
299-14														g u n ə r					
328-14														s ə dː ə b ə					
334-14														ʔ a m b ə sː a					
338-14														m ə m ə n					
342-14														m e n a					
344-14														kʼ ə s ə m					
410-14														kʼ a r ə a					
540-14														l e b a					
550-14														g ə n g ɨ r					
109-14														g ə n ə ə					
61-15															d ə m				
63-15															ʔ a tʼ ɨ m				
107-15															g a m ə l a				
112-15															d a b ə n a				
331-15															n ɨ g u s				
377-15															b ə kʼ u ə				
381-15															ʔ a t				
417-15															r u z				
451-15															s ə b a				
454-15															ʔ a tʃʼ ɨ r				
484-15															s ɨ ʔ ɨ s t				
535-15															ʔ a s ɨ r				
543-15															s ə s t				
593-15															ʔ a m u s				
640-15															m a n				
1-15															d ə a ə r ə				
65-15															tʼ u b				
163-15															s ə tʃʼ ə				
212-15															ʔ ə n				
244-15															ʔ a r a ə				
248-15															m u l a				
293-15															f ə r ə z				
373-15															kʼ ɨ m a l				
414-15															d ə b a kʼ a				
601-15															ʔ ə r ə a				
642-15															n ɨ f a s				
60-15															n ə f ə s ə				
115-15															ʔ ə r a				
209-15															s ə mː u t				
242-15															ʔ a mː ɨ s t				
415-15															z ɨ n a b				
450-15															z ə r				
490-15															tʼ ə a ə				
638-15															s ɨ r ə				
645-15															kʼ a l				
75-15															ʔ a m a				
160-15															d ə r ə kʼ				
214-15															ʔ a b				
218-15															ʔ ɨ n z				
378-15															ʔ a n g ə t				
379-15															oː ə s ə				
409-15															ʔ ə t ə r				
497-15															t ə n				
646-15															ʔ a h ə				
164-15															b ə tʃ ə				
210-15															f ə h ə n				
215-15															ʔ a s ə a ə				
256-15															t u mː a				
285-15															m ɨ d a d				
332-15															ʔ ə g ɨ r				
380-15															ʔ a h ə a				
412-15															s a h ə n				
496-15															s ə r s ə n b ə t				
67-15															w ɨ r				
169-15															b ə r ə z ə m				
251-15															f ə kʼ				
294-15															m ə kʼ				
461-15															s ə				
547-15															w ə z a t				
655-15															m ɨ s t				
158-15															kʼ ə m i s				
168-15															ʔ ə m a r				
296-15															ʔ ə h u t				
374-15															b ə s ə l o				
375-15															s ə b				
385-15															w ɨ tʃ ə t				
541-15															kʼ ə tʃʼ ɨ n				
17-15															ʔ ə h ɨ r				
113-15															b u n a				
123-15															s ə m ə				
252-15															r ə s ə b ə				
330-15															kʼ ə l d				
421-15															b ɨ s a				
449-15															ʔ a f ə				
491-15															d ɨ n g ə t				
653-15															b ə tː ə t				
8-15															kʼ ə b ə tː o				
106-15															m ə s a				
254-15															dʒ m a a				
290-15															ʔ a g ə z ə				
339-15															b ə kʼ ɨ l				
602-15															m ɨ n				
652-15															ʔ ə t ə				
2-15															ʔ u l ə m				
3-15															h ɨ n ə				
213-15															ʔ a r a s				
459-15															ʔ a s ə				
211-15															m ɨ s e t				
328-15															s ə ʔ ə b ə				
333-15															m ɨ s ɨ r				
612-15															ʔ a r a				
109-15															g u n tʃʼ				
61-16																d ə m			
63-16																ʔ a s ɨ			
107-16																gː a m ə a			
112-16																d a b ə n a			
331-16																n ɨ gː ə s			
377-16																b ə kʼ ə			
381-16																ʔ a n			
417-16																r ɨ z			
451-16																s ə b a			
454-16																ʔ a s ɨ r			
484-16																s ɨ ʔ ɨ s			
535-16																ʔ a s ɨ r			
543-16																s ə s			
593-16																ʔ a m ɨ s			
640-16																m ə n			
65-16																s ɨ			
163-16																s ə s ə			
212-16																ʔ ə n			
244-16																ʔ a r b ə			
248-16																m ɨ l ə			
293-16																f ə r ə z			
373-16																kʼ ɨ m a			
408-16																b ə r a			
414-16																d ə b a kʼ a			
601-16																ʔ ə r ə			
642-16																n ɨ f a s			
209-16																s ɨ mː ɨ			
242-16																ʔ a mː ɨ s			
415-16																z ɨ n a b			
450-16																z ə r			
638-16																s ɨ n ə			
75-16																ʔ a m b ɨ			
208-16																ʔ ɨ n kʼ ə ə ə			
214-16																ʔ a b ə			
218-16																ʔ ɨ n ə			
409-16																ə a ə r			
497-16																ə n			
598-16																ʔ ə			
646-16																ʔ a n ə			
256-16																ɨ mː a			
332-16																ʔ ə gː ɨ r			
496-16																w ə r b ə n			
67-16																w ɨ r			
655-16																ɨ a			
372-16																ə n f ə r			
375-16																s ə b			
411-16																ɨ r a ə			
500-16																ʔ ɨ ə r			
541-16																kʼ ə s ɨ n			
17-16																ʔ ə ʔ ɨ r			
113-16																b ɨ n a			
252-16																n ə ə b ə			
330-16																kʼ ə l d			
545-16																ʔ ɨ n ə			
106-16																m ə s a			
254-16																ai̯ ə m a			
460-16																ʔ ə ɨ a			
602-16																m ɨ n			
2-16																j ɨ l ɨ m			
213-16																ʔ a r a ə			
298-16																ʔ ɨ g a			
647-16																ə a			
211-16																m ɨ ə ə			
333-16																m ɨ s ɨ r			
612-16																ʔ a r b			
61-17																	d ə m		
63-17																	ʔ a s ɨ m		
107-17																	g a m ə l a		
112-17																	d a b ə n a		
331-17																	n ɨ g w s		
377-17																	b ə kʼ ə ə ə		
381-17																	ʔ a n		
417-17																	r u z		
451-17																	s ə b a		
454-17																	ʔ a s ə r		
484-17																	s ɨ n ɨ s t		
535-17																	ʔ a sː ɨ r		
543-17																	s ə s t		
593-17																	ʔ a m u s		
640-17																	m a n		
1-17																	d ə bː ə r ə		
65-17																	g u b		
163-17																	s ə tʃʼ ə		
212-17																	ʔ ə n		
244-17																	ʔ a r b ə		
248-17																	m u l a		
293-17																	fː ə r ə z		
373-17																	kʼ ɨ m a l		
408-17																	b ə r a		
414-17																	d ə b a kʼ a		
601-17																	ʔ ə r ə b		
642-17																	n ɨ fː a s		
60-17																	n ə fː ə s ə		
115-17																	ʔ ə r a		
209-17																	s ə mː u		
415-17																	z ɨ n a b		
450-17																	z ə r		
638-17																	s ɨ r ə		
645-17																	kʼ a l		
75-17																	ʔ a m b ə r		
214-17																	ʔ a b ə		
218-17																	ʔ ɨ n ɨ ə		
409-17																	g ə t ə r ə		
598-17																	ħ w ə		
164-17																	b ə s ə		
332-17																	ʔ ə g ɨ r		
412-17																	s a ħ ə n		
496-17																	sː ə r b ə n b ə		
158-17																	kʼ ə m i s		
372-17																	k ə n fː ə r		
375-17																	s ə b		
411-17																	t ə r a s		
500-17																	ʔ ɨ b ə r		
541-17																	kʼ ə tʃʼ ɨ n		
113-17																	b u n a		
330-17																	kʼ ə l d		
448-17																	q ə d a n ə ə n b ə		
106-17																	m ə s a		
290-17																	ʔ a g ə z ə		
552-17																	z ɨ		
2-17																	n u l ə m		
213-17																	ʔ a r a n		
647-17																	t ə n ə		
211-17																	m ɨ n ə t		
334-17																	ʔ a n b ə sː a		
109-17																	g u n tʃʼ ə		
61-18																		d ə m	
63-18																		ʔ a tʃʼ ɨ	
107-18																		g a m ə l a	
112-18																		d a b ə n a	
331-18																		n ɨ g u s	
377-18																		b ə kʼ u ə	
381-18																		ʔ a n	
417-18																		r u g	
451-18																		s ə b a	
454-18																		ʔ a tʃʼ ɨ r	
484-18																		s ɨ ɨ s t	
535-18																		ʔ a s ɨ r	
543-18																		s ə s	
593-18																		ʔ a m u s	
640-18																		m a n	
1-18																		d ə ʔ ə r ə	
65-18																		tʃʼ u b	
163-18																		s ə tʃʼ ə	
212-18																		ʔ ə n	
244-18																		ʔ a r b ə	
248-18																		m u l a	
293-18																		f ə r ə ʔ	
373-18																		kʼ ɨ m a w	
408-18																		b ə r a	
414-18																		d ə b a kʼ a	
601-18																		ʔ ə r ə b	
642-18																		n ɨ f a s	
60-18																		n ə f ə s ə	
115-18																		ʔ ə r a	
209-18																		s ə m u	
242-18																		ʔ a m ɨ s t	
415-18																		g ɨ n a b	
450-18																		h ə r	
490-18																		t ə b ə	
638-18																		s ɨ r ə	
645-18																		kʼ a l	
75-18																		ʔ a m b ɨ	
160-18																		d ə r ə kʼ	
208-18																		ʔ ɨ n kʼ ə ə ə	
214-18																		ʔ a b ə	
218-18																		ʔ ɨ n	
378-18																		ʔ a n g ə	
379-18																		oː ə tʃʼ ə	
497-18																		t ə n	
646-18																		ʔ a n ə	
164-18																		b ə ə	
210-18																		oː ə h ə n	
215-18																		ʔ a n ə b ə	
256-18																		t u m a	
285-18																		m ɨ d a d	
332-18																		ʔ ə g ɨ r	
380-18																		ʔ ə h u a	
412-18																		s a h ə n	
496-18																		s ə r s ə n b ə	
64-18																		d a b ə	
67-18																		w ɨ r	
169-18																		b ə r ə ə	
251-18																		f e kʼ	
294-18																		m ə kʼ	
461-18																		tʃʼ ə	
547-18																		w ɨ g a	
597-18																		ʔ ə ə ə ə	
655-18																		ɨ s	
7-18																		ʔ a l g a	
158-18																		kʼ ə m i s	
168-18																		ʔ ə a r	
296-18																		ʔ ə h u	
374-18																		b ə s ə l o	
375-18																		s ə b	
385-18																		w ɨ tʃʼ ə	
411-18																		ə r a s	
541-18																		kʼ ə tʃʼ ɨ n	
17-18																		ʔ ə h ɨ r	
113-18																		b u n ə	
123-18																		s e ə	
252-18																		r ə ə b ə	
330-18																		kʼ ə l d	
421-18																		b ɨ sː ə	
491-18																		d ɨ n g ə t	
653-18																		b ə a ə	
8-18																		kʼ ə b ə o	
106-18																		m ə t a	
254-18																		dʒ ɨ m a a	
290-18																		ʔ a g ə m ə	
339-18																		b ə kʼ ɨ l	
489-18																		b ə r tʃʼ tʃʼ a a	
552-18																		g ɨ	
602-18																		m ɨ n	
2-18																		n u l ə	
3-18																		ʔ ɨ n ə	
213-18																		ʔ a r a s	
459-18																		ʔ a s ə	
647-18																		ə ə	
76-18																		w ə s a	
152-18																		ʔ a n ə	
328-18																		s ə tʃː ə b ə	
333-18																		m ɨ s ɨ r	
338-18																		b ə ɨ r	
612-18																		ʔ a r b	
61-19																			d ə m
63-19																			ʔ a s ɨ m
107-19																			g a m ə l a
112-19																			d a b ə n a
331-19																			n ɨ g ə s
377-19																			b ə kʼ ə
381-19																			ʔ a n
417-19																			r u z
451-19																			s ə b a
454-19																			ʔ a s i r
484-19																			s ɨ ɨ s t
535-19																			ʔ a s ɨ r
543-19																			s ə s
593-19																			ʔ a m u s
640-19																			m a ə
1-19																			d ə b ə r ə
65-19																			g u b
163-19																			s ə s ə
212-19																			ʔ i n
244-19																			ʔ a r b ə
248-19																			m u j a
293-19																			f ə r ə g
373-19																			kʼ ə m a l
408-19																			b a ʔ a
414-19																			d ə b a kʼ a
601-19																			ʔ ə r ə ə
642-19																			n ɨ f a s
60-19																			n ə f ə s ə
115-19																			ʔ a r
209-19																			s ə m ə
242-19																			ʔ a mː ɨ s t
415-19																			z ɨ n a b
450-19																			z ə r
490-19																			g ə b a
638-19																			s ɨ r ə
645-19																			kʼ a l
75-19																			ʔ a m b
160-19																			d ə r ə kʼ
208-19																			ʔ a n kʼ ə ə ə
214-19																			ʔ a b
218-19																			ʔ ɨ n
378-19																			ʔ a n g ə t
379-19																			uː ə t ə
409-19																			g ə t ə r
497-19																			t ə n
646-19																			ʔ a n ə
164-19																			b ə ə
210-19																			uː ə h ə ə ə
215-19																			ʔ a t ə b ə
256-19																			t u mː a
285-19																			m ɨ d a d
380-19																			ʔ a h a ə
412-19																			s a h ə n
496-19																			t a r s ə n b ə
64-19																			d a b ə
67-19																			w ɨ r
169-19																			b ə r ə ə
251-19																			f ə kʼ
294-19																			m ə kʼ
461-19																			s ai̯
547-19																			w ɨ z a
597-19																			ʔ ə ə ə ə
7-19																			ʔ a l g a
158-19																			kʼ ə m i s
168-19																			ʔ ə m a r
296-19																			ʔ ə h a
375-19																			s ə b
385-19																			w ɨ g ə t
500-19																			ʔ ɨ m ə r
541-19																			kʼ ə s ɨ n
6-19																			m ə r s a m a
113-19																			b u n
123-19																			s ə ə
330-19																			kʼ ə j d
491-19																			d ɨ n g ə t
106-19																			m ə t a
254-19																			g ə m a
339-19																			b ə s ɨ l
460-19																			h ə ə
602-19																			m ɨ n
652-19																			ʔ ə t ə
2-19																			n u l ə
213-19																			ʔ a r a s
298-19																			h a ə
459-19																			ʔ a s ə
486-19																			n ə s ə kʼ ə
152-19																			ʔ a n ə
211-19																			m ə ə ə t
328-19																			s ə h ə b ə
333-19																			m ɨ s ɨ r
540-19																			j i b a
